{
  "project_info": {
    "project_number": "651937826",
    "project_id": "vet-diaries",
    "storage_bucket": "vet-diaries.appspot.com"
  },
  "client": [
    {
      "client_info": {
        "mobilesdk_app_id": "1:651937826:android:a61bddf93b6646e417a27b",
        "android_client_info": {
          "package_name": "com.example.vet_diaries"
        }
      },
      "oauth_client": [],
      "api_key": [
        {
          "current_key": "AIzaSyCXjYjpfau6qAHHBENgb7gFK4EtoVQx0ag"
        }
      ],
      "services": {
        "appinvite_service": {
          "other_platform_oauth_client": []
        }
      }
    }
  ],
  "configuration_version": "1"
}